title,originallink,link,description,pubDate
"강남<b>역 맛집</b> ‘봉우화로’, 신년모임 장소 찾는다면 주목",http://www.ihalla.com/read.php3?aid=1579767611672848348,,수준 높은 음식과 차별화된 서비스만 제공하기 위해 노력할 것”이라고 전했다. 단체 예약 및 기타 자세한 사항은 서울 강남구 <b>역삼</b>동 강남<b>역 맛집</b> ‘봉우화로’로 문의하면 된다.,"Thu, 23 Jan 2020 17:22:00 +0900"
"[안병익의 식신 <b>맛집</b>] 씹을수록 고소한 마성의 풍미, 영원한 소주친구 곱창구...",http://www.enewstoday.co.kr/news/articleView.html?idxno=1362476,,"서울 곱창 <b>맛집</b>으로는 청담동 삼성원조양곱창, 수유 황주집, <b>역삼</b>동 선릉역 부산양곱창, 상도동 상도곱창, 대치동 대치골한우곱창, 교대 거북곱창, 신논현 영동시장 함지곱창전문, 을지로 양미옥, 시청 서대문 장호왕곱창... ","Sat, 18 Jan 2020 00:11:00 +0900"
"강남<b>역 맛집</b> '봉우화로', 평범한 고기집은 그만! 특별한 삼겹살 메뉴가 있는 ...",http://www.kgdm.co.kr/news/articleView.html?idxno=676561,,"직장동료, 친구, 가족들과 함께 단체 모임을 가지는데도 불편함 없이 넉넉하다. 덕분에 회식장소, 모임장소로 좋다는 평이다. 단체 예약 및 기타 자세한 사항은 서울 강남구 <b>역삼</b>동 강남<b>역 맛집</b> '봉우화로'로 문의하면 된다.","Thu, 09 Jan 2020 18:02:00 +0900"
[<b>맛집</b>로드] 신년파티… '맛과 멋' 있는 최애 메뉴,http://moneys.mt.co.kr/news/mwView.php?no=2019121617138014401,,"강남의 대표적인 오피스 상권인 <b>역삼</b>동 인근은 강남권에서 가장 큰 규모를 자랑하는 강남 파이낸스센터와... ◆채근담 <b>역삼역</b>의 랜드마크인 강남 파이낸스 센터에는 음식의 맛과 멋, 그리고 건강한 몸과 정신을 통해... ","Fri, 03 Jan 2020 06:49:00 +0900"
"[안병익의 식신 <b>맛집</b>] &quot;올해도 수고했어&quot; 청춘을 위로해주는 따뜻한 한 그릇,...",http://www.enewstoday.co.kr/news/articleView.html?idxno=1358425,,"서울 국밥 <b>맛집</b>으로는 명동 하동관, 인사동 이문설렁탕, 시청 무교동북어국집, 용두동 어머니대성집, 마포... 부여집, <b>역삼역</b> 이도곰탕, 대치동 외고집설렁탕, 보라매 등나무집, 잠실 유원설렁탕, 신사역 영동설렁탕... ","Sat, 28 Dec 2019 00:10:00 +0900"
삼겹살 먹으며 송년회 하기 좋은 고기집.. 강남<b>역 맛집</b> ‘봉우화로’,http://siminilbo.co.kr/news/newsview.php?ncode=1065587944407999,,수준 높은 음식과 차별화된 서비스만 제공하기 위해 노력할 것”이라고 전했다. 단체 예약 및 기타 자세한 사항은 서울 강남구 <b>역삼</b>동 강남<b>역 맛집</b> ‘봉우화로’로 문의하면 된다.,"Fri, 27 Dec 2019 18:06:00 +0900"
"연말 송년회는 논현<b>역 맛집</b> '취영루' 강남역 신논현 회식장소, 모임장소로 인...",http://www.gvalley.co.kr/news/articleView.html?idxno=569008,,"강남역 <b>역삼역 맛집</b> 취영루 강남역 상견례로 유명한 명성에 걸맞게 400명이 동시에 식사를 할 수 있는 단체석을 마련한 것은 물론 연말 송년회, 연인, 가족끼리 즐길 수 있는 단독 룸까지 구비돼 가족모임, 데이트코스로... ","Tue, 24 Dec 2019 12:00:00 +0900"
"강남<b>역 맛집</b> '봉우화로', 삼겹살 먹으며 연말모임 장소로 눈길",http://www.newsrep.co.kr/news/articleView.html?idxno=104731,,수준 높은 음식과 차별화된 서비스만 제공하기 위해 노력할 것&quot;이라고 전했다. 단체 예약 및 기타 자세한 사항은 서울 강남구 <b>역삼</b>동 강남<b>역 맛집</b> '봉우화로'로 문의하면 된다.,"Fri, 20 Dec 2019 18:02:00 +0900"
"<b>역삼역</b> 해산물 <b>맛집</b> '제주양가네 해물한상', 따뜻한 국물 메뉴 선봬",http://www.e2news.com/news/articleView.html?idxno=217538,,또한 주변 상권과 각종 SNS 등에서 소개되며 <b>역삼역 맛집</b>과 LG아트센터 <b>맛집</b>으로 입소문을 타고 퍼지기 시작하면서 해산물 <b>맛집</b>으로 자리를 잡기 시작했다고 업체 측은 설명했다. 해물한상 브랜드 관계자는 &quot;해물한상의... ,"Wed, 11 Dec 2019 14:42:00 +0900"
'김영철의 동네한바퀴' 강남 스낵카 식당 위치는? 된장비빔밥-오리탕-콩비지백...,http://www.topstarnews.net/news/articleView.html?idxno=705285,,갈비비지전골 <b>맛집</b> 등을 만나거나 방문 또는 체험했다. <b>역삼역</b> 근처 강남 르네상스 사거리 인근에 위치한 스낵카 식당은 폐차 직전의 버스를 개조해 만들어진 곳이다. 도로 옆 작은 공터에 자리해 기사식당 형태로... ,"Sat, 07 Dec 2019 19:17:00 +0900"
"‘김영철의 동네 한 바퀴’ 강남구 편, 영동전통시장·아쿠아 샐러드 돈가스·...",http://www.theceluv.com/article.php?aid=1575713400294361006,,"<b>역삼역</b> 인근, 낯익은 풍경에 걸음을 멈춘다. 도로 옆 작은 공터에 자리한 오래된 버스 한 대. 사람들이 모이던... 이어 김영철은 강남 유일의 전통 시장인 영동전통시장도 방문, 이름도 특이한 아쿠아 샐러드 돈가스 <b>맛집</b>도... ","Sat, 07 Dec 2019 19:12:00 +0900"
"강남<b>역 맛집</b> '봉우화로', 삼겹살 당길 때 찾는 고기집",http://www.gokorea.kr/news/articleView.html?idxno=589270,,"있는데, 테이블 간 간격을 넉넉히 배치하여 다른 손님으로 인한 불편함이 없도록 했다. 덕분에 회식장소, 모임장소로도 좋다. 단체 예약 및 기타 자세한 사항은 서울 강남구 <b>역삼</b>동 강남<b>역 맛집</b> '봉우화로'로 문의하면 된다.","Fri, 06 Dec 2019 17:00:00 +0900"
"선릉<b>역 맛집</b> '쇠뚜레', 맛있는 국내산 꽃등심 저렴하게 맛볼 수 있는 곳으로 ...",http://www.news-paper.co.kr/news/articleView.html?idxno=69017,,"쇠뚜레 관계자는 &quot;연말과 크리스마스가 다가오면서 가까운 지인, 가족들과 맛있는 식사를 즐기기 위해 쇠뚜레를 찾는 소비자들이 늘어나고 있다&quot;며, &quot;<b>역삼</b>동 <b>맛집</b> 쇠뚜레는 고품질의 소고기 메뉴를 합리적인 가격에... ","Thu, 05 Dec 2019 14:58:00 +0900"
"송년모임에 좋은 강남 <b>맛집</b> / 파크루안, “중식요리의 진수를 맛볼 수 있는 곳...",http://www.cooknchefnews.com/news/newsview.php?ncode=1065579151254161,,강남구에 <b>역삼역</b> 부근에 위치한 ‘파크루안’은 대표적인 중식레스토랑이자 하우스웨딩 컨벤션이다. 전통... 지하철 2호선 <b>역삼역</b>에서 도보 1분 거리에 위치해 있으며 자동차 300여 대가 여유 있게 주차할 수 있는 공간도... ,"Sat, 30 Nov 2019 11:20:00 +0900"
"수익형 부동산 투자, ‘when’보단 ‘where’을 고민하라",http://www.m-economynews.com/news/article.html?no=27292,,"예컨대 홍대는 클럽, 가로수길은 <b>맛집</b>과 접목된 지역이다. 안 부부장은 “상권은 지하철이 지나는 역세권... 안 부부장은 “수년 전 투자자들이 <b>역삼역</b> 인근을 많이 좋아했지만 이제는 주말에 가면 사람이 없다. 오히려... ","Thu, 21 Nov 2019 16:56:00 +0900"
"태국 요리 대중화, 태국 현지 맛과 기억을 담다",http://www.sportsseoul.com/news/read/851812,,‘쿤쏨차이’(셰프 김남성)는 서울 강남구 <b>역삼역</b> 인근에 위치한 태국 요리 전문점이다. 김남성 셰프는 태국 식당에서 일하며 태국어와 조리 기술을 배웠고 태국 현지 <b>맛집</b>들을 찾아다니며 요리법을 연구했다. 아시아 푸드... ,"Thu, 21 Nov 2019 11:05:00 +0900"
"강남<b>역 맛집</b>, '봉우화로',이베리코 목살과 삼겹살로 쉽게 즐길 수 있어",http://www.ciobiz.co.kr/news/articleView.html?idxno=40299,,"있는데, 테이블 간 간격을 넉넉히 배치하여 다른 손님으로 인한 불편함이 없도록 했다. 덕분에 회식장소, 모임장소로도 좋다. 단체 예약 및 기타 자세한 사항은 서울 강남구 <b>역삼</b>동 강남<b>역 맛집</b> '봉우화로'로 문의하면 된다.","Fri, 15 Nov 2019 17:32:00 +0900"
[안병익의 식신 <b>맛집</b>] 내 인생 최고의 요리를 만나다! 뉴 이탈리안 <b>맛집</b> BEST...,http://www.enewstoday.co.kr/news/articleView.html?idxno=1348112,,"플라워차일드, <b>역삼역</b> 에빗, 송파 송리단길 콘메, 서래마을 볼라레, <b>역삼</b> 지아니스나폴리, 잠실 빈티지1981, 서래마을 톰볼라, 서래마을 비스트로누, 논현 일치, 양재 비스트로이안스, 신사 가로수길 가티, 서울대... ","Sat, 09 Nov 2019 00:21:00 +0900"
이젠 삼겹살도 고급지게 즐긴다?,http://www.speconomy.com/news/newsview.php?ncode=1065588620637354,,노릇하게 구워진 고기 위에 특제 명란소스를 얹어먹으면 맛도 식감도 한층 더 풍부해진다. 단체 예약 및 기타 자세한 사항은 서울 강남구 <b>역삼</b>동 강남<b>역 맛집</b> ‘봉우화로’로 문의하면 된다.,"Fri, 08 Nov 2019 17:02:00 +0900"
[카드뉴스] 특별한 이벤트 가득한 호텔의 연말!,http://www.ttlnews.com/article/KOREA/6894,,메종 글래드 제주에서는 객실 1박과 함께 제주 <b>맛집</b>으로 정평이 난 뷔페 레스토랑 삼다정에서의 조식 2인... <b>역삼역</b> 4번/5번 출구 2분 거리에 있어서 서울 모든 지역으로의 접근성이 용이하다. 호텔 2층에 위치한... ,"Tue, 05 Nov 2019 14:52:00 +0900"
"강남<b>역 맛집</b> ‘봉우화로’, 특별한 돼지고기·삼겹살 맛볼 수 있는 고기집",http://www.ihalla.com/read.php3?aid=1572598800653910348,,"있는데, 테이블 간 간격을 넉넉히 배치하여 다른 손님으로 인한 불편함이 없도록 했다. 덕분에 회식장소, 모임장소로도 좋다. 단체 예약 및 기타 자세한 사항은 서울 강남구 <b>역삼</b>동 강남<b>역 맛집</b> ‘봉우화로’로 문의하면 된다.","Fri, 01 Nov 2019 18:03:00 +0900"
"선릉<b>역 맛집</b> '쇠뚜레', 메뉴 고민 필요 없는 수원왕갈비 '눈길'",http://www.woodkorea.co.kr/news/articleView.html?idxno=32947,,수원왕갈비를 제대로 맛보기 위해서는 많은 이용객들이 방문하는 <b>맛집</b>을 찾아가는 것이 좋은 선택이 될 수... 쇠뚜레는 <b>역삼</b>동 선릉역 5번 출구와 가깝게 위치해 있으며 예약 및 문의 사항은 대표전화를 통해 이용 가능하다.,"Thu, 31 Oct 2019 16:42:00 +0900"
"<b>역삼역 맛집</b>, LA갈비 전문 '라비옥', 한옥풍 인테리어로 고급스러운 분위기 연...",http://www.lecturernews.com/news/articleView.html?idxno=27507,,젊은 오너쉐프가 직접 운영하는 <b>역삼</b>동 <b>맛집</b> '라비옥'은 국내 유일 숙성 LA갈비 전문점으로 최근<b>역삼역</b> 인근 회식장소로 주목을 되고 있다. 라비옥은 한식을 베이스로 하는 와인과 각종 술을 즐길 수 있는 한식 케쥬얼... ,"Fri, 25 Oct 2019 17:00:00 +0900"
"<b>역삼역 맛집</b> 오목집 <b>역삼</b>점, 기업 회식 장소·연말 모임 장소로 인기",http://www.dt.co.kr/contents.html?article_no=2019102502109923005003&ref=naver,,오피스 상권에 위치한 가운데 부드럽고 쫄깃한 족발 맛과 아늑한 공간 덕분에 직장인이 선호하는 <b>역삼역 맛집</b>으로 자리매김한 것이다. 오목집 <b>역삼</b>점 대표 메뉴인 족발은 HACCP 인증받은 국내산 생족만을 당일... ,"Fri, 25 Oct 2019 11:20:00 +0900"
"<b>역삼역</b> LA갈비 <b>맛집</b> '라비옥', 강남 직장인 회식장소로 '인기'",http://www.e2news.com/news/articleView.html?idxno=215729,,<b>역삼</b>동 <b>맛집</b> '라비옥'은 국내 유일의 숙성LA갈비 전문점이다. 젊은 오너쉐프가 직접 운영하는 '라비옥'은 한식을 베이스로 하는 와인과 각종 술을 즐길 수 있는 한식 케쥬얼 그릴 다이닝이다. 요즘 레트로를 넘에... ,"Wed, 23 Oct 2019 11:00:00 +0900"
맛있는 녀석들 출연한 바로 그 집! 직접 숙성한 된장 맛 일품인 <b>역삼역맛집</b> ‘...,http://hobbyissue.co.kr/news/view/102700,,<b>역삼역맛집</b> ‘담뿍화도된장찌개’다.<b>역삼</b><b>맛집</b> 담뿍화도된장찌개는 한국의 전통 음식인 된장찌개를 전문으로 판매하고 있다. 이 곳의 된장찌개는 순창에서 직접 숙성한 된장과 계절에 맞는 제철 채소와 함께 끓여... ,"Tue, 22 Oct 2019 15:19:00 +0900"
"고기 매니아들 홀리는 남다른 클래스, 강남<b>역 맛집</b> '봉우화로'",http://www.seoulwire.com/news/articleView.html?idxno=238622,,"있는데, 테이블 간 간격을 넉넉히 배치하여 다른 손님으로 인한 불편함이 없도록 했다. 덕분에 회식장소, 모임장소로도 좋다. 단체 예약 및 기타 자세한 사항은 서울 강남구 <b>역삼</b>동 강남<b>역 맛집</b> '봉우화로'로 문의하면 된다.","Fri, 18 Oct 2019 17:01:00 +0900"
"강남<b>역 맛집</b> ‘봉우화로’, “소고기를 능가하는 맛” 세계 진미 ‘이베리코’...",http://hobbyissue.co.kr/news/view/96452,,"있는데, 테이블 간 간격을 넉넉히 배치하여 다른 손님으로 인한 불편함이 없도록 했다. 덕분에 회식장소, 모임장소로도 좋다.단체 예약 및 기타 자세한 사항은 서울 강남구 <b>역삼</b>동 강남<b>역 맛집</b> ‘봉우화로’로 문의하면 된다.","Mon, 14 Oct 2019 10:14:00 +0900"
"'육즙 대박' 나만 알고 싶은 고기 <b>맛집</b>, 강남<b>역 맛집</b> '봉우화로'",http://www.gyotongn.com/news/articleView.html?idxno=305832,,수준 높은 음식과 차별화된 서비스만 제공하기 위해 노력할 것&quot;이라고 강조했다. 단체 예약 및 기타 자세한 사항은 서울 강남구 <b>역삼</b>동 강남<b>역 맛집</b> '봉우화로'로 문의하면 된다.,"Tue, 08 Oct 2019 17:01:00 +0900"
"선릉<b>역 맛집</b> '일미리금계찜닭', 직장인 소확행 실현하는 대치동 3대 <b>맛집</b>으로...",http://www.hortitimes.com/news/articleView.html?idxno=22217,,"이러한 가운데, 오피스가 밀집한 <b>역삼역</b>과 삼성역, 한티역, 선정릉역 인근의 내로라하는 <b>맛집</b> 중 '일미리금계찜닭'이 직장인이 꼽은 선릉<b>역 맛집</b>으로 주목받고 있다. 이곳은 부담 없는 가격에 다채로운 퓨전찜닭을 맛볼 수... ","Tue, 08 Oct 2019 14:51:00 +0900"
